CouncillorId,CouncillorName,Active,GenderAsString,CantonName,CantonAbbreviation,CouncilName,ParlGroupName,ParlGroupAbbreviation,PartyName,PartyAbbreviation,MaritalStatusText,BirthPlace_City,BirthPlace_Canton,Mandates,DateJoining,DateLeaving,Citizenship,DateOfBirth,DateOfDeath
74,Eymann Christoph,False,m,Bâle-Ville,BS,Conseil national,Groupe libéral,L,Parti libéral suisse,PLS,marié(e),Bâle,Bâle-Ville,Weiterer Bürgerrat: von 1989 bis 1991; Grosser Rat des Kantons Basel-Stadt: von 1984 bis 1995,11/25/1991,12/3/1995,Bâle (BS),1/15/1951,
91,Giezendanner Ulrich,False,m,Argovie,AG,Conseil national,Groupe de l'Union démocratique du Centre,V,Union Démocratique du Centre,UDC,marié(e),Rothrist,Argovie,Legislative des Kantons (Grossrat): von März 1989 bis November 1991,12/3/2007,12/4/2011,"Rothrist (AG),Wattwil (SG)",10/31/1953,
173,Reimann Maximilian,False,m,Argovie,AG,Conseil national,Groupe de l'Union démocratique du Centre,V,Union Démocratique du Centre,UDC,,Laufenburg,Argovie,,11/30/1987,11/24/1991,Oberhof (AG),5/7/1942,
214,Stamm Luzi,False,m,Argovie,AG,Conseil national,Groupe radical-libéral,R,Parti radical-démocratique suisse,PRD,marié(e),Coire,Grisons,Legislative der Gemeinde (Einwohnerrat) Baden: von April 1986 bis Dezember 1988; Exekutive der Gemeinde (Stadtrat) Baden: von Januar 1989 bis Dezember 1992; Legislative des Kantons (Grossrat): von April 1989 bis März 1993,11/25/1991,12/3/1995,Schleitheim (SH),9/9/1952,
224,Tschäppät Alexander,False,m,Berne,BE,Conseil national,Groupe socialiste,S,Parti socialiste suisse,PSS,,Berne,Berne,Legislative Gemeinde (Stadtrat) Bern: von 1980 bis 1991; Legislative des Bundes (Nationalrat): von 1991 bis 2003; Exekutive (Gemeinderat) Stadt Bern: seit Januar 2001 und Stadtpräsident seit 2005,12/5/2011,11/29/2015,Bözingen bei Biel (BE),4/16/1952,5/4/2018
307,Brunner Toni,False,m,St-Gall,SG,Conseil national,Groupe de l'Union démocratique du Centre,V,Union Démocratique du Centre,UDC,célibataire,Wattwil,St-Gall,,12/3/2007,12/4/2011,"Hemberg (SG),Ebnat-Kappel (SG)",8/23/1974,
354,Semadeni Silva,False,f,Grisons,GR,Conseil national,Groupe socialiste,S,Parti socialiste suisse,PSS,,Bâle,Bâle-Ville,Gemeinderätin Chur: von 1994 bis 1996,12/5/2011,11/29/2015,Poschiavo (GR),2/8/1952,
487,Leutenegger Oberholzer Susanne,False,f,Bâle-Campagne,BL,Conseil national,Groupe socialiste,S,Parti socialiste suisse,PSS,,Coire,Grisons,Legislative der Gemeinde (Einwohnerrat): von 1980 bis 1984; Legislative des Kantons (Landrat): von 1983 bis 1989; Verfassungsrätin des Kantons: von 1980 bis 1984; Kantonsrichterin: von 2002 bis 2008,12/6/1999,11/30/2003,"Goldingen (SG),Soleure (SO),Bussnang (TG)",3/6/1948,
502,Riklin Kathy,False,f,Zurich,ZH,Conseil national,Groupe démocrate-chrétien,C,Parti démocrate-chrétien suisse,PDC,,Zurich,Zurich,Legislative der Gemeinde Zürich: von 1982 bis 2001; Präsidentin 2000/2001,12/6/1999,11/30/2003,"Zurich (ZH),Bremgarten (AG),Ernetschwil (SG)",10/21/1952,
514,Stahl Jürg,False,m,Zurich,ZH,Conseil national,Groupe de l'Union démocratique du Centre,V,Union Démocratique du Centre,UDC,,Winterthur,Zurich,Legislative der Gemeinde (Grosser Gemeinderat) Winterthur: von Mai 1994 bis Mai 2001; Präsident Grosser Gemeinderat Winterthur: von Mai 2000 bis Mai 2001,12/6/1999,11/30/2003,"Fischingen (TG),Winterthur (ZH),Lindau (ZH)",1/16/1968,
519,Walter Hansjörg,False,m,Thurgovie,TG,Conseil national,Groupe de l'Union démocratique du Centre,V,Union Démocratique du Centre,UDC,,Frauenfeld,Thurgovie,Legislative der Gemeinde (Vizegemeindeamman) Ressort Finanzen: von 1995 bis 2002; Exekutive der Gemeinde: Schulpräsident der Volksschulgemeinde Wängi von 1993 bis 2000; Legislative des Kantons (Kantonsrat): von 1992 bis 1999,12/6/1999,11/30/2003,Löhningen (SH),2/5/1951,
724,Brélaz Daniel,False,m,Vaud,VD,Conseil national,Non inscrit,-,Parti écologiste suisse,PES,marié(e),Lausanne,Vaud,Législatif communal: depuis 1986 jusqu'en 1989; Exécutif communal: depuis 1990 jusqu'en juin 2016; Législatif cantonal: depuis 1990 jusqu'en 2007 et de 2012 jusqu'à novembre 2015,11/26/1979,12/15/1989,Lutry (VD),1/4/1950,
806,Graf Maya,False,f,Bâle-Campagne,BL,Conseil national,Groupe des Verts,G,Parti écologiste suisse,PES,marié(e),Sissach,Bâle-Campagne,Legislative der Gemeinde (Gemeindekommission): von Juli 1988 bis Juni 1995; Legislative des Kantons: von Juli 1995 bis Mai 2001,12/1/2003,12/2/2007,Sissach (BL),2/28/1962,
1071,Humbel Ruth,False,f,Argovie,AG,Conseil national,Groupe démocrate-chrétien,C,Parti démocrate-chrétien suisse,PDC,marié(e),Baden,Argovie,Legislative des Kantons (Grossrätin): von April 1981 bis Oktober 2003,12/1/2003,12/2/2007,"Ittenthal (AG),Birmenstorf (AG)",7/23/1957,
1104,Büchler Jakob,False,m,St-Gall,SG,Conseil national,Groupe PDC/PEV/PVL,CEg,Parti démocrate-chrétien suisse,PDC,,Schänis,St-Gall,Legislative des Kantons (Kantonsrat): von Mai 1988 bis April 2003; Kantonsratspräsident: von 2001 bis 2002,12/3/2007,12/4/2011,Appenzell (AI),5/29/1952,
1108,Parmelin Guy,False,m,Vaud,VD,Conseil national,Groupe de l'Union démocratique du Centre,V,Union Démocratique du Centre,UDC,,Bursins,Vaud,,12/3/2007,12/4/2011,Bursins (VD),11/9/1959,
1109,Pfister Gerhard,False,m,Zoug,ZG,Conseil national,Groupe PDC/PEV/PVL,CEg,Parti démocrate-chrétien suisse,PDC,marié(e),Zoug,Zoug,Legislative des Kantons: von Dezember 1998 bis November 2003,12/3/2007,12/4/2011,"Oberägeri (ZG),Wittenbach (SG)",10/1/1962,
1111,Müri Felix,False,m,Lucerne,LU,Conseil national,Groupe de l'Union démocratique du Centre,V,Union Démocratique du Centre,UDC,marié(e),Lucerne,Lucerne,Legislative des Kantons: von 1999 bis 2003,12/1/2003,12/2/2007,Schinznach (AG),1/22/1958,
1119,Rime Jean-François,False,m,Fribourg,FR,Conseil national,Groupe de l'Union démocratique du Centre,V,Union Démocratique du Centre,UDC,marié(e),Fribourg,Fribourg,Législatif communal (Conseil général) de Bulle: depuis juin 1989 jusqu'à février 1991,12/5/2011,11/29/2015,Charmey (FR),6/28/1950,
1120,Sommaruga Carlo,False,m,Genève,GE,Conseil national,Groupe socialiste,S,Parti socialiste suisse,PSS,,Zurich,Zurich,Législatif communal de Thônex: depuis juin 1991 jusqu'à janvier 2001; Législatif cantonal (Grand Conseil): depuis novembre 2001 jusqu'à novembre 2003,12/1/2003,12/2/2007,Lugano (TI),7/8/1959,
1122,Fluri Kurt,False,m,Soleure,SO,Conseil national,Groupe libéral-radical,RL,PLR.Les Libéraux-Radicaux,PLR,marié(e),Soleure,Soleure,Exekutive der Gemeinde: seit Juni 1985; Legislative des Kantons: von April 1989 bis November 2003; Vizepräsident FDP der Stadt Solothurn: seit 1993; Präsident der Kantonsratsfraktion: von Juli 1999 bis November 2003,12/5/2011,11/29/2015,"Soleure (SO),Herbetswil (SO)",8/19/1955,
1124,de Buman Dominique,False,m,Fribourg,FR,Conseil national,Groupe démocrate-chrétien,C,Parti démocrate-chrétien suisse,PDC,,Fribourg,Fribourg,Exécutif communal de la ville de Fribourg: depuis avril 1986 jusqu'à août 2004; Législatif cantonal: depuis décembre 1986 jusqu'à décembre 2003; Syndic de la ville de Fribourg: depuis 1994 jusqu'à 2004; Président du Grand Conseil en 2001,12/1/2003,12/2/2007,Fribourg (FR),4/28/1956,
1125,Galladé Chantal,False,f,Zurich,ZH,Conseil national,Groupe socialiste,S,Parti socialiste suisse,PSS,,Winterthur,Zurich,Legislative des Kantons (Kantonsrat): von August 1997 bis November 2003,12/3/2007,12/4/2011,Isérables (VS),12/17/1972,
1129,Schenker Silvia,False,f,Bâle-Ville,BS,Conseil national,Groupe socialiste,S,Parti socialiste suisse,PSS,divorcé(e),Aarau,Argovie,Legislative des Kantons (Grosser Rat): von März 1995 bis Januar 2004,12/3/2007,12/4/2011,"Heimiswil (BE),Aarburg (AG)",1/17/1954,
1131,Allemann Evi,False,f,Berne,BE,Conseil national,Groupe socialiste,S,Parti socialiste suisse,PSS,,Berne,Berne,Legislative des Kantons (Grossrätin): von Juni 1998 bis November 2003,12/3/2007,12/4/2011,"Köniz (BE),Welschenrohr (SO)",7/16/1978,
1135,Amstutz Adrian,False,m,Berne,BE,Conseil national,Groupe de l'Union démocratique du Centre,V,Union Démocratique du Centre,UDC,marié(e),Sigriswil,Berne,Exekutive der Gemeinde (Gemeinderatspräsident): von Januar 1993 bis Mai 1998; Legislative des Kantons (Grossrat): von Juni 1998 bis November 2003,12/3/2007,5/29/2011,Sigriswil (BE),12/2/1953,
1137,Müller Walter,False,m,St-Gall,SG,Conseil national,Groupe radical-libéral,RL,Parti radical-démocratique suisse,PRD,marié(e),Azmoos,St-Gall,,12/3/2007,12/4/2011,Wartau (SG),4/25/1948,
1138,Bäumle Martin,False,m,Zurich,ZH,Conseil national,Groupe PDC/PEV/PVL,CEg,Parti vert'libéral,pvl,,Thalwil,Zurich,Legislative der Gemeinde: von April 1990 bis März 1998; Exekutive der Gemeinde (Stadtrat): seit April 1998; Legislative des Kantons: von Mai 1987 bis Mai 1995 und von Mai 1999 bis Mai 2004,12/3/2007,12/4/2011,"Hombrechtikon (ZH),Zurich (ZH),Dübendorf (ZH)",6/3/1964,
1139,Markwalder Christa,False,f,Berne,BE,Conseil national,Groupe libéral-radical,RL,PLR.Les Libéraux-Radicaux,PLR,,Berthoud,Berne,Legislative der Gemeinde (Stadtrat) Burgdorf: von Januar 1999 bis Mai 2002; Legislative des Kantons (Grossrätin): von April 2002 bis November 2003,12/5/2011,11/29/2015,"Würenlos (AG),Zurich (ZH)",7/27/1975,
1142,Wobmann Walter,False,m,Soleure,SO,Conseil national,Groupe de l'Union démocratique du Centre,V,Union Démocratique du Centre,UDC,,Schüpfheim,Lucerne,Exekutive der Gemeinde: von November 1997 bis November 2001; Legislative des Kantons: von Mai 2001 bis November 2003,12/5/2011,11/29/2015,Schüpfheim (LU),11/21/1957,
1147,Kiener Nellen Margret,False,f,Berne,BE,Conseil national,Groupe socialiste,S,Parti socialiste suisse,PSS,marié(e),Berne,Berne,Exekutive der Gemeinde Bolligen: von 1992 bis 2008; Gemeindepräsidentin: von 2001 bis 2008; Legislative des Kantons (Grossrätin): von April 1990 bis November 2003,12/3/2007,12/4/2011,"Bolligen (BE),Baltschieder (VS)",4/17/1953,
1153,Noser Ruedi,False,m,Zurich,ZH,Conseil national,Groupe radical-libéral,RL,Parti radical-démocratique suisse,PRD,,Glaris,Glaris,Legislative des Kantons (Kantonsrat): von Mai 1999 bis November 2003,12/3/2007,12/4/2011,Oberurnen (GL),4/14/1961,
1156,Heim Bea,False,f,Soleure,SO,Conseil national,Groupe socialiste,S,Parti socialiste suisse,PSS,marié(e),Aarau,Argovie,Legislative des Kantons (Kantonsrätin): von 1989 bis Januar 2004; Kantonsratspräsidentin: 1999,12/5/2011,11/29/2015,"Olten (SO),Walzenhausen (AR),Neuendorf (SO)",4/7/1946,
1159,Schwander Pirmin,False,m,Schwyz,SZ,Conseil national,Groupe de l'Union démocratique du Centre,V,Union Démocratique du Centre,UDC,,Galgenen,Schwyz,,12/1/2003,12/2/2007,Galgenen (SZ),12/28/1961,
1279,Nordmann Roger,False,m,Vaud,VD,Conseil national,Groupe socialiste,S,Parti socialiste suisse,PSS,marié(e),Lausanne,Vaud,Législatif communal (Conseiller communal): depuis 1998 jusqu'à 1999; Constituante cantonale: depuis 1999 jusqu'à 2002; Législatif cantonal (Grand Conseil): de août à novembre 2004,11/30/2004,12/2/2007,Seuzach (ZH),3/23/1973,
1288,Amherd Viola,False,f,Valais,VS,Conseil national,Groupe démocrate-chrétien,C,Parti démocrate-chrétien suisse,PDC,,Brigue,Valais,Exekutive der Gemeinde (Stadträtin) Brig-Glis: von 1993 bis 1996; Vizepräsidentin: von 1997 bis 2000; Präsidentin: von 2001 bis 2012,5/31/2005,12/2/2007,"Mund (VS),Brigue (VS),Zwischbergen (VS),Naters (VS)",6/7/1962,
1295,Graf-Litscher Edith,False,f,Thurgovie,TG,Conseil national,Groupe socialiste,S,Parti socialiste suisse,PSS,marié(e),Uster,Zurich,Legislative der Gemeinde Frauenfeld: von Mai 2003 bis Mai 2005; Legislative des Kantons: von April 2004 bis Januar 2006,12/3/2007,12/4/2011,"Sevelen (SG),Wolfhalden (AR)",3/25/1964,
1318,Schelbert Louis,False,m,Lucerne,LU,Conseil national,Groupe des Verts,G,Parti écologiste suisse,PES,,Lucerne,Lucerne,Legislative der Gemeinde: von 1979 bis 1987; Legislative des Kantons: von 1991 bis 2006,3/6/2006,12/2/2007,"Lucerne (LU),Muotathal (SZ)",10/31/1952,
1337,Glanzmann-Hunkeler Ida,False,f,Lucerne,LU,Conseil national,Groupe PDC/PEV/PVL,CEg,Parti démocrate-chrétien suisse,PDC,marié(e),Zofingen,Argovie,Legislative des Kantons (Grossrätin): von 1995 bis 2006,12/3/2007,12/4/2011,Altishofen (LU),9/29/1958,
1345,Müller Thomas,False,m,St-Gall,SG,Conseil national,Groupe PDC/PEV/PVL,CEg,Parti démocrate-chrétien suisse,PDC,marié(e),Uzwil,St-Gall,Legislative der Gemeinde Rorschach: von Januar 1985 bis Dezember 1996; Exekutive der Gemeinde Rorschach: seit Oktober 2003; Legislative des Kantons: von Mai 1992 bis April 2000,12/3/2007,12/4/2011,Uzwil (SG),12/1/1952,
1346,Moret Isabelle,False,f,Vaud,VD,Conseil national,Groupe radical-libéral,RL,Parti radical-démocratique suisse,PRD,,Lausanne,Vaud,Législatif communal (Conseil communal): depuis 1998 jusqu'à 2006 et à nouveau depuis 2016; Constituante vaudoise: depuis 1999 jusqu'à  2002; Législatif cantonal (Grand Conseil): depuis 1999 jusqu'à 2006,12/3/2007,12/4/2011,Clarmont (VD),12/30/1970,
3828,Cassis Ignazio,False,m,Tessin,TI,Conseil national,Groupe radical-libéral,RL,Parti radical-démocratique suisse,PRD,,Sessa,Tessin,Legislativo del comune Collina d'Oro: da aprile 2004 ad aprile 2014,6/4/2007,12/2/2007,"Biasca (TI),Sessa (TI)",4/13/1961,
3830,Carobbio Guscetti Marina,False,f,Tessin,TI,Conseil national,Groupe socialiste,S,Parti socialiste suisse,PSS,marié(e),Locarno,Tessin,Deputata in Gran Consiglio: da aprile 1991 a marzo 2007,12/3/2007,12/4/2011,"Blenio (TI),Campo (Blenio) (TI)",6/12/1966,
3865,Steiert Jean-François,False,m,Fribourg,FR,Conseil national,Groupe socialiste,S,Parti socialiste suisse,PSS,,Berne,Berne,Legislative der Gemeinde: von April 1990 bis Januar 2002; Legislative des Kantons: von Januar 2002 bis Dezember 2007; Legislative der Agglomeration: von Januar 2002 bis Januar 2006,12/3/2007,12/4/2011,Rickenbach b. Wil (TG),2/7/1961,
3867,Aebi Andreas,False,m,Berne,BE,Conseil national,Groupe de l'Union démocratique du Centre,V,Union Démocratique du Centre,UDC,marié(e),Burgdorf,Berne,Legislative der Gemeinde: seit Januar 2000; Gemeindepräsident von Alchenstorf: von 1998 bis 2008,12/3/2007,12/4/2011,Wynigen (BE),11/26/1958,
3872,Bourgeois Jacques,False,m,Fribourg,FR,Conseil national,Groupe libéral-radical,RL,PLR.Les Libéraux-Radicaux,PLR,,Pompaples,Vaud,Législatif cantonal (Grand Conseil): depuis 2001 jusqu'à novembre 2007,12/5/2011,11/29/2015,"Vullierens (VD),Ballaigues (VD)",3/14/1958,
3875,Eichenberger-Walther Corina,False,f,Argovie,AG,Conseil national,Groupe libéral-radical,RL,PLR.Les Libéraux-Radicaux,PLR,,Aarau,Argovie,Legislative des Kantons: von April 1993 bis Juli 2007; Grossratspräsidentin: 2005/2006,12/5/2011,11/29/2015,"Berne (BE),Kölliken (AG),Beinwil am See (AG)",10/14/1954,
3876,Estermann Yvette,False,f,Lucerne,LU,Conseil national,Groupe de l'Union démocratique du Centre,V,Union Démocratique du Centre,UDC,marié(e),Bratislava,,Legislative des Kantons (Grossrätin): von Mai 2005 bis November 2007,12/5/2011,11/29/2015,Rickenbach (LU),2/26/1967,
3877,Fiala Doris,False,f,Zurich,ZH,Conseil national,Groupe radical-libéral,RL,Parti radical-démocratique suisse,PRD,marié(e),Zurich,Zurich,Legislative der Gemeinde (Gemeinderätin Stadt Zürich): von Herbst 2000 bis Juli 2007;,12/3/2007,12/4/2011,Zurich (ZH),1/29/1957,
3878,Flückiger-Bäni Sylvia,False,f,Argovie,AG,Conseil national,Groupe de l'Union démocratique du Centre,V,Union Démocratique du Centre,UDC,marié(e),Aarau,Argovie,Legislative des Kantons: von Januar 2000 bis Januar 2008,12/3/2007,12/4/2011,"Schöftland (AG),Rüegsau (BE)",6/1/1952,
3880,Geissbühler Andrea Martina,False,f,Berne,BE,Conseil national,Groupe de l'Union démocratique du Centre,V,Union Démocratique du Centre,UDC,marié(e),Berne,Berne,,12/5/2011,11/29/2015,Lauperswil (BE),8/3/1976,
3882,Girod Bastien,False,m,Zurich,ZH,Conseil national,Groupe des Verts,G,Parti écologiste suisse,PES,marié(e),Genève,Genève,Legislative der Gemeinde: von Februar 2006 bis November 2007,12/3/2007,12/4/2011,Champoz (BE),12/21/1980,
3883,Glauser-Zufferey Alice,True,f,Vaud,VD,Conseil national,Groupe de l'Union démocratique du Centre,V,Union Démocratique du Centre,UDC,marié(e),Sierre,Valais,"Constituante vaudoise: de 2000 à 2002; Municipale de la commune de Champvent: de 2002 à 2011, vice-syndique; Députée vaudoise élue en 2002/2007, 2007 et 2012/2016",2/29/2016,,Champvent (VD),10/18/1954,
3885,Grin Jean-Pierre,False,m,Vaud,VD,Conseil national,Groupe de l'Union démocratique du Centre,V,Union Démocratique du Centre,UDC,marié(e),Valeyres-sous-Rances,Vaud,Législatif communal: depuis avril 1967 jusqu'à décembre 1973; Exécutif communal: syndic de Pomy depuis 1994 jusqu'à 2011; Législatif cantonal: depuis 1998 jusqu'à 2007,12/3/2007,12/4/2011,Belmont-sur-Yverdon (VD),3/16/1947,
3886,Grunder Hans,False,m,Berne,BE,Conseil national,Groupe BD,BD,Parti bourgeois-démocratique suisse,PBD,marié(e),Rüderswil,Berne,Präsident Baukommission der Gemeinde: von Januar 1995 bis Dezember 1998; Legislative der Gemeinde: Vizepräsident: von Januar 2003 bis Dezember 2006; Legislative des Kantons: von November 1999 bis November 2007,12/5/2011,11/29/2015,Vechigen (BE),6/13/1956,
3887,Heer Alfred,False,m,Zurich,ZH,Conseil national,Groupe de l'Union démocratique du Centre,V,Union Démocratique du Centre,UDC,,Zurich,Zurich,Legislative der Gemeinde Zürich: von Mai 1994 bis Mai 1998; Legislative des Kantons: von Mai 1995 bis 2008,12/3/2007,12/4/2011,Glaris (GL),10/12/1961,
3888,Hiltpold Hugues,False,m,Genève,GE,Conseil national,Groupe radical-libéral,RL,Parti radical-démocratique suisse,PRD,,Zurich,Zurich,Législatif cantonal: depuis novembre 2001 jusqu'à novembre 2007,12/3/2007,12/4/2011,Carouge (GE),5/5/1969,
3890,Hurter Thomas,False,m,Schaffhouse,SH,Conseil national,Groupe de l'Union démocratique du Centre,V,Union Démocratique du Centre,UDC,marié(e),Zurich,Zurich,Exekutive der Gemeinde (Stadtschulrat): von September 2003 bis Dezember 2008; Legislative des Kantons (Kantonsrat): von Januar 2005 bis März 2016,12/5/2011,11/29/2015,"Schaffhouse (SH),Affoltern am Albis (ZH)",11/1/1963,
3891,Jositsch Daniel,False,m,Zurich,ZH,Conseil national,Groupe socialiste,S,Parti socialiste suisse,PSS,,Zurich,Zurich,Exekutive der Gemeinde: von April 2000 bis August 2006; Legislative des Kantons: von Mai 2007 bis Dezember 2007,12/3/2007,12/4/2011,"Stäfa (ZH),Geroldswil (ZH)",3/25/1965,
3895,Lüscher Christian,False,m,Genève,GE,Conseil national,Groupe radical-libéral,RL,Parti libéral suisse,PLS,,Genéve,Genève,Législatif communal de Troinex: depuis mars 1999 jusqu'à mars 2003; Législatif cantonal: depuis 2001 jusqu'à 2007,12/3/2007,12/4/2011,"Muhen (AG),Genève (GE)",12/6/1963,
3897,Moser Tiana Angelina,False,f,Zurich,ZH,Conseil national,Groupe PDC/PEV/PVL,CEg,Parti vert'libéral,pvl,,Zurich,Zurich,,12/3/2007,12/4/2011,Würenlos (AG),4/6/1979,
3898,Nidegger Yves,False,m,Genève,GE,Conseil national,Groupe de l'Union démocratique du Centre,V,Union Démocratique du Centre,UDC,,Zurich,Zurich,Législatif cantonal: depuis octobre 2005 jusqu'à décembre 2009,12/5/2011,11/29/2015,Genève (GE),5/17/1957,
3899,Nussbaumer Eric,False,m,Bâle-Campagne,BL,Conseil national,Groupe socialiste,S,Parti socialiste suisse,PSS,marié(e),Mulhouse,,Legislative der Gemeinde (Gemeindekommission): von 1992 bis 2004; Legislative des Kantons (Landrat): von Juli 1998 bis Dezember 2007; Landratspräsident: 2005/2006,12/5/2011,11/29/2015,Lüterkofen (SO),7/11/1960,
3901,Reimann Lukas,False,m,St-Gall,SG,Conseil national,Groupe de l'Union démocratique du Centre,V,Union Démocratique du Centre,UDC,,Aarau,Argovie,Legislative des Kantons (Kantonsrat): von März 2004 bis März 2008,12/5/2011,11/29/2015,Oberhof (AG),9/18/1982,
3902,Rickli Natalie,False,f,Zurich,ZH,Conseil national,Groupe de l'Union démocratique du Centre,V,Union Démocratique du Centre,UDC,,Winterthur,Zurich,Legislative der Gemeinde Winterthur: von Mai 2002 bis Juni 2007; Legislative des Kantons: von Mai 2007 bis November 2007,12/3/2007,12/4/2011,Madiswil (BE),11/19/1976,
3904,Schmid-Federer Barbara,False,f,Zurich,ZH,Conseil national,Groupe PDC/PEV/PVL,CEg,Parti démocrate-chrétien suisse,PDC,,Zurich,Zurich,,12/3/2007,12/4/2011,"Ingenbohl (SZ),Rorschach (SG)",11/10/1965,
3905,Schmidt Roberto,False,m,Valais,VS,Conseil national,Groupe PDC,C,Parti démocrate-chrétien suisse,PDC,,Sierre,Valais,Exekutive der Gemeinde: Gemeinderat von 2000 bis 2004; Gemeindepräsident seit 2005,11/30/2015,6/14/2017,"Guttet-Feschel (VS),Loèche-La-Ville (VS)",7/16/1962,
3907,Thorens Goumaz Adèle,False,f,Vaud,VD,Conseil national,Groupe des Verts,G,Parti écologiste suisse,PES,marié(e),Soleure,Soleure,Conseillère communale à Lausanne: depuis 2002 jusqu'à 2007,12/3/2007,12/4/2011,"Ste-Croix (VD),Villarzel (VD)",12/15/1971,
3910,von Siebenthal Erich,False,m,Berne,BE,Conseil national,Groupe de l'Union démocratique du Centre,V,Union Démocratique du Centre,UDC,marié(e),Gstaad,Berne,Legislative des Kantons: von Juni 2002 bis November 2007,12/3/2007,12/4/2011,Gessenay (BE),12/30/1958,
3912,Wasserfallen Christian,False,m,Berne,BE,Conseil national,Groupe libéral-radical,RL,PLR.Les Libéraux-Radicaux,PLR,,Berne,Berne,Legislative der Gemeinde (Stadtrat) Bern: von Juli 2003 bis November 2007,12/5/2011,11/29/2015,Wileroltigen (BE),6/30/1981,
3923,Marra Ada,False,f,Vaud,VD,Conseil national,Groupe socialiste,S,Parti socialiste suisse,PSS,,Lausanne,Vaud,Législatif cantonal: depuis décembre 2004 jusqu'à décembre 2007,12/3/2007,12/4/2011,Paudex (VD),3/10/1973,
3931,Weibel Thomas,False,m,Zurich,ZH,Conseil national,Groupe vert'libéral,GL,Parti vert'libéral,pvl,marié(e),Horgen,Zurich,Legislative des Kantons: von August 2002 bis Mai 2008,12/5/2011,11/29/2015,"Horgen (ZH),Schongau (LU)",7/14/1954,
4008,Landolt Martin,False,m,Glaris,GL,Conseil national,Groupe BD,BD,Parti bourgeois-démocratique suisse,PBD,,Näfels,Glaris,Legislative des Kantons: seit Juni 1998,3/2/2009,12/4/2011,Näfels (GL),6/30/1968,
4018,Maire Jacques-André,False,m,Neuchâtel,NE,Conseil national,Groupe socialiste,S,Parti socialiste suisse,PSS,marié(e),Neuchâtel,Neuchâtel,Législatif cantonal: depuis mai 1993 jusqu'à décembre 1999,12/5/2011,11/29/2015,"Les Ponts-de-Martel (NE),Brot-Dessous (NE)",5/27/1957,
4025,Büchel Roland Rino,False,m,St-Gall,SG,Conseil national,Groupe de l'Union démocratique du Centre,V,Union Démocratique du Centre,UDC,célibataire,Altstätten,St-Gall,Legislative des Kantons: von Juni 2004 bis Mai 2010,12/5/2011,11/29/2015,Rüthi (Rheintal) (SG),10/8/1965,
4030,Birrer-Heimo Prisca,False,f,Lucerne,LU,Conseil national,Groupe socialiste,S,Parti socialiste suisse,PSS,marié(e),Emmen,Lucerne,Exekutive der Gemeinde (Gemeinderätin) Rothenburg: von August 2007 bis Mai 2014 Finzanzvorsteherin; Legislative des Kantons (Grossrätin): von Juni 1995 bis Mai 2005,5/31/2010,12/4/2011,Emmen (LU),2/4/1959,
4031,Ingold Maja,False,f,Zurich,ZH,Conseil national,Groupe PDC/PEV/PVL,CEg,Parti évangélique suisse,PEV,,Winterthur,Zurich,Legislative der Gemeinde: von Januar 1997 bis April 2002; Exekutive der Gemeinde: von Mai 2002 bis Mai 2010; Legislative des Kantons: Verfassungsrat von 2000 bis 2002,5/31/2010,12/4/2011,Winterthur (ZH),5/23/1948,
4032,Jans Beat,False,m,Bâle-Ville,BS,Conseil national,Groupe socialiste,S,Parti socialiste suisse,PSS,marié(e),Bâle,Bâle-Ville,Legislative Kanton BS: von Februar 2001 bis Mai 2011,5/31/2010,12/4/2011,"Mosen (LU),Riehen (BS)",7/12/1964,
4036,Streiff-Feller Marianne,False,f,Berne,BE,Conseil national,Groupe PDC-PEV,CE,Parti évangélique suisse,PEV,marié(e),Berne,Berne,Legislative der Gemeinde Köniz: von Juli 1991 bis Juni 1998; Exekutive der Gemeinde Köniz: von Januar 2004 bis Dezember 2009; Legislative des Kantons: von Juni 1998 bis Juni 2010,12/5/2011,11/29/2015,"Betschwanden (GL),Strättligen (BE)",8/17/1957,
4040,Schneider-Schneiter Elisabeth,False,f,Bâle-Campagne,BL,Conseil national,Groupe PDC-PEV,CE,Parti démocrate-chrétien suisse,PDC,marié(e),Bâle,Bâle-Ville,Legislative des Kantons: von Juli 1999 bis September 2010,12/5/2011,11/29/2015,"Bâle (BS),Lenzburg (AG),Schwendibach (BE)",2/19/1964,
4042,Frehner Sebastian,False,m,Bâle-Ville,BS,Conseil national,Groupe de l'Union démocratique du Centre,V,Union Démocratique du Centre,UDC,marié(e),Bâle,Bâle-Ville,Legislative des Kantons (Grossrat): von Februar 2005 bis September 2014,11/29/2010,12/4/2011,"Urnäsch (AR),Bâle (BS)",9/2/1973,
4045,Pardini Corrado,False,m,Berne,BE,Conseil national,Groupe socialiste,S,Parti socialiste suisse,PSS,marié(e),Berne,Berne,Legislative des Kantons: von April 2002 bis Dezember 2011,5/30/2011,12/4/2011,Fahrni (BE),6/19/1965,
4046,Quadri Lorenzo,False,m,Tessin,TI,Conseil national,Groupe de l'Union démocratique du Centre,V,Lega dei Ticinesi,Lega,célibataire,Sorengo,Tessin,Municipio di Lugano: a partire da aprile 2008; Gran Consiglio del Canton Ticino: da aprile 2003 a novembre 2011,5/30/2011,12/4/2011,Canobbio (TI),11/5/1974,
4049,Aebischer Matthias,False,m,Berne,BE,Conseil national,Groupe socialiste,S,Parti socialiste suisse,PSS,,Schwarzenburg,Berne,,12/5/2011,11/29/2015,Guggisberg (BE),10/18/1967,
4051,de Courten Thomas,False,m,Bâle-Campagne,BL,Conseil national,Groupe de l'Union démocratique du Centre,V,Union Démocratique du Centre,UDC,,Bâle,Bâle-Ville,Legislative des Kantons: von März 2003 bis Dezember 2011; Präsident Volkswirtschaftskommission und Gesundheitskommission des Landrates Basel-Landschaft,12/5/2011,11/29/2015,"Geschinen (VS),Sierre (VS)",7/29/1966,
4052,Ritter Markus,False,m,St-Gall,SG,Conseil national,Groupe PDC-PEV,CE,Parti démocrate-chrétien suisse,PDC,marié(e),Altstätten,St-Gall,Exekutive Stadt Altstätten: von Januar 1993 bis Dezember 2012,12/5/2011,11/29/2015,Altstätten (SG),4/19/1967,
4053,Aeschi Thomas,False,m,Zoug,ZG,Conseil national,Groupe de l'Union démocratique du Centre,V,Union Démocratique du Centre,UDC,,Zoug,Zoug,Legislative des Kantons (Kantonsrat): von 2010 bis 2012,12/5/2011,11/29/2015,"Himmelried (SO),Baar (ZG),Bâle (BS)",1/13/1979,
4054,Vitali Albert,False,m,Lucerne,LU,Conseil national,Groupe libéral-radical,RL,PLR.Les Libéraux-Radicaux,PLR,marié(e),Oberkirch,Lucerne,Gemeinderat/Sozialvorsteher Oberkirch: von Januar 1982 bis Dezember 2001; Kantonsrat: von April 1995 bis April 2011,12/5/2011,11/29/2015,"Oberkirch (LU),Elsau (ZH)",6/26/1955,
4056,Fässler Daniel,False,m,Appenzell Rh.-Int.,AI,Conseil national,Groupe PDC-PEV,CE,Parti démocrate-chrétien suisse,PDC,marié(e),Appenzell,Appenzell Rh.-Int.,Exekutive (Regierungsrat): Landammann und Volkswirtschaftsdirektor des Kantons Appenzell Innerrhoden von 27. April 2008 bis 28. April 2019; Judikative (Bezirksgericht Appenzell): von 1999 bis 2004; Judikative (Kantonsgericht): von 2004 bis 2008,12/5/2011,11/29/2015,Appenzell (AI),8/22/1960,
4057,Wermuth Cédric,False,m,Argovie,AG,Conseil national,Groupe socialiste,S,Parti socialiste suisse,PSS,marié(e),Jegenstorf,Berne,Einwohnerrat der Stadt Baden: von Januar 2010 bis Dezember 2011; Regierungsrätliche Jugendkommission: von 2004 bis 2007,12/5/2011,11/29/2015,Eggiwil (BE),2/19/1986,
4058,Badran Jacqueline,False,f,Zurich,ZH,Conseil national,Groupe socialiste,S,Parti socialiste suisse,PSS,marié(e),Sydney,,Parlament der Stadt Zürich: von Mai 2002 bis November 2011,12/5/2011,11/29/2015,"Auswil (BE),Zurich (ZH)",11/12/1961,
4059,Flach Beat,False,m,Argovie,AG,Conseil national,Groupe vert'libéral,GL,Parti vert'libéral,pvl,marié(e),Berne,Berne,Grossrat: von März 2009 bis November 2011,12/5/2011,11/29/2015,Maur (ZH),1/21/1965,
4060,Schneeberger Daniela,False,f,Bâle-Campagne,BL,Conseil national,Groupe libéral-radical,RL,PLR.Les Libéraux-Radicaux,PLR,,Liestal,Bâle-Campagne,"Landrat des Kantons Basel-Landschaft: von Juli 1999 bis Dezember 2011, Mitglied der Finanzkommission; Landratspräsidentin Basel-Landschaft: von Juli 2004 bis Juni 2005",12/5/2011,11/29/2015,Thürnen (BL),9/19/1967,
4061,Hardegger Thomas,False,m,Zurich,ZH,Conseil national,Groupe socialiste,S,Parti socialiste suisse,PSS,,Zurich,Zurich,Legislative des Kantons (Kantonsrat): von April 2001 bis November 2011; Gemeinderat Rümlang: von April 2002 bis März 2006; Gemeindepräsident: seit April 2006,12/5/2011,11/29/2015,"Gams (SG),Rümlang (ZH)",4/2/1956,
4063,Müller-Altermatt Stefan,False,m,Soleure,SO,Conseil national,Groupe PDC-PEV,CE,Parti démocrate-chrétien suisse,PDC,marié(e),Langenthal,Berne,Legislative des Kantons: von Mai 2005 bis November 2011; Gemeindepräsident Herbetswil: seit Oktober 2009,12/5/2011,11/29/2015,Murgenthal (AG),6/17/1976,
4065,Pieren Nadja,False,f,Berne,BE,Conseil national,Groupe de l'Union démocratique du Centre,V,Union Démocratique du Centre,UDC,célibataire,Berne,Berne,Legislative Kanton Bern (Grossrat): von Juni 2010 bis Oktober 2011; Legislative Stadt Burgdorf (Stadtrat): von Januar 2009 bis Dezember 2015; Geschäftsprüfungskommission (GPK) Stadt Burgdorf: von Januar 2009 bis Dezember 2011,12/5/2011,11/29/2015,Adelboden (BE),2/14/1980,
4066,Quadranti Rosmarie,False,f,Zurich,ZH,Conseil national,Groupe BD,BD,Parti bourgeois-démocratique suisse,PBD,veuf/veuve,Lucerne,Lucerne,Mitglied Schulpflege: von August 1994 bis Dezember 1999; Präsidentin Schulpflege Volketswil: seit 2000; Regionale Jugendkommission: von 2004 bis Dezember 2011,12/5/2011,11/29/2015,Volketswil (ZH),7/18/1957,
4067,Brand Heinz,False,m,Grisons,GR,Conseil national,Groupe de l'Union démocratique du Centre,V,Union Démocratique du Centre,UDC,marié(e),Huttwil,Berne,Gemeinderat von Klosters-Serneus: von Januar 1991 bis Dezember 2002,12/5/2011,11/29/2015,Trachselwald (BE),9/6/1955,
4069,Feri Yvonne,False,f,Argovie,AG,Conseil national,Groupe socialiste,S,Parti socialiste suisse,PSS,,Baden,Argovie,Legislative des Kantons: von 1998 bis 2008; Legislative der Gemeinde Wettingen: von Januar 2001 bis Dezember 2005; Exekutive der Gemeinde Wettingen: von Januar 2006 bis Dezember 2016,12/5/2011,11/29/2015,Hedingen (ZH),3/21/1966,
4070,Candinas Martin,False,m,Grisons,GR,Conseil national,Groupe PDC-PEV,CE,Parti démocrate-chrétien suisse,PDC,marié(e),Ilanz,Grisons,Legislative des Kantons (Grossrat): von Mai 2006 bis November 2011,12/5/2011,11/29/2015,Sumvitg (GR),8/20/1980,
4071,Gasche Urs,False,m,Berne,BE,Conseil national,Groupe BD,BD,Parti bourgeois-démocratique suisse,PBD,,Berne,Berne,Exekutive der Gemeinde Fraubrunnen: von 1990 bis 2001; Gemeindepräsident: von 1994 bis 2001; Exekutive des Kantons (Regierungsrat): von September 2001 bis Mai 2010,12/5/2011,11/29/2015,"Oekingen (SO),Derendingen (SO)",3/15/1955,
4072,Regazzi Fabio,False,m,Tessin,TI,Conseil national,Groupe PDC-PEV,CE,Parti démocrate-chrétien suisse,PDC,célibataire,Locarno,Tessin,Consigliere comunale a Gordola: da aprile 1984 ad aprile 1996; Deputato in Gran Consiglio: da aprile 1995 ad aprile 2011,12/5/2011,11/29/2015,Locarno (TI),6/22/1962,
4073,Pantani Roberta,False,f,Tessin,TI,Conseil national,Groupe de l'Union démocratique du Centre,V,Lega dei Ticinesi,Lega,marié(e),Sorengo,Tessin,Consigliere comunale di Chiasso: 2000-2004; Municipale di Chiasso: dal 2004 in carica; Vice Sindaco di Chiasso: in carica,12/5/2011,11/29/2015,Chiasso (TI),9/19/1965,
4074,Fridez Pierre-Alain,False,m,Jura,JU,Conseil national,Groupe socialiste,S,Parti socialiste suisse,PSS,marié(e),Moutier,Berne,Maire de Fontenais: depuis janvier 1997 jusqu'à décembre 2008; Député du canton: depuis janvier 1999 jusqu'à décembre 2006 et depuis janvier 2011 jusqu'à novembre 2011,12/5/2011,11/29/2015,Grandfontaine (JU),11/20/1957,
4076,Hadorn Philipp,False,m,Soleure,SO,Conseil national,Groupe socialiste,S,Parti socialiste suisse,PSS,marié(e),Grenchen,Soleure,Exekutive der Gemeinde (Gemeinderat): von Juni 1997 bis Juli 2011; Legislative des Kantons (Kantonsrat): von Februar 2006 bis November 2011,12/5/2011,11/29/2015,Forst (BE),2/6/1967,
4077,Feller Olivier,False,m,Vaud,VD,Conseil national,Groupe libéral-radical,RL,PLR.Les Libéraux-Radicaux,PLR,,Genolier,Vaud,Conseil communal de Genolier: depuis décembre 1994; Législatif cantonal (Grand Conseil): depuis mai 1998 jusqu'à novembre 2011,12/5/2011,11/29/2015,"Thoune (BE),Genolier (VD)",8/30/1974,
4079,Derder Fathi,False,m,Vaud,VD,Conseil national,Groupe libéral-radical,RL,PLR.Les Libéraux-Radicaux,PLR,,Lausanne,Vaud,,12/5/2011,11/29/2015,Saas-Almagell (VS),12/4/1970,
4082,Guhl Bernhard,False,m,Argovie,AG,Conseil national,Groupe BD,BD,Parti bourgeois-démocratique suisse,PBD,marié(e),Uzwil,St-Gall,Legislative des Kantons (Grossrat): von April 2009 bis März 2012,12/5/2011,11/29/2015,Schlatt (TG),6/10/1972,
4083,Grossen Jürg,False,m,Berne,BE,Conseil national,Groupe vert'libéral,GL,Parti vert'libéral,pvl,marié(e),Frutigen,Berne,"Mitglied der Kommission Tiefbau, Verkehr und Wasser (TVW) der Gemeinde Frutigen: 2010 bis 2013",12/5/2011,11/29/2015,Kandergrund (BE),8/24/1969,
4084,Pezzatti Bruno,False,m,Zoug,ZG,Conseil national,Groupe libéral-radical,RL,PLR.Les Libéraux-Radicaux,PLR,marié(e),Zoug,Zoug,Legislative des Kantons (Kantonsrat): von 1998 bis 2010; Kantonsratspräsident: von Januar 2009 bis Dezember 2010,12/5/2011,11/29/2015,Torricella-Taverne (TI),3/4/1951,
4085,Vogler Karl,False,m,Obwald,OW,Conseil national,Groupe PDC-PEV,CE,Christlich-soziale Partei Obwalden,csp-ow,marié(e),Sarnen,Obwald,Legislative des Kantons (Kantonsrat): von 2002 bis 2009; Einwohnergemeinderat Lungern: von 1986 bis 1990,12/5/2011,11/29/2015,Lungern (OW),3/24/1956,
4086,Buttet Yannick,False,m,Valais,VS,Conseil national,Groupe PDC-PEV,CE,Parti démocrate-chrétien suisse,PDC,,Monthey,Valais,Exécutif communal de Collombey-Muraz: dès janvier 2009; Conseiller communal de 2009 à 2012; Président dès 2013,12/5/2011,11/29/2015,Collombey-Muraz (VS),7/12/1977,
4087,Gschwind Jean-Paul,False,m,Jura,JU,Conseil national,Groupe PDC-PEV,CE,Parti démocrate-chrétien suisse,PDC,marié(e),Porrentruy,Jura,Député au Parlement jurassien: depuis janvier 2007 jusqu'à novembre 2011; Maire de Courchavon: depuis  janvier 1993 jusqu'à décembre 2004,12/5/2011,11/29/2015,Damphreux (JU),10/31/1952,
4090,Amaudruz Céline,False,f,Genève,GE,Conseil national,Groupe de l'Union démocratique du Centre,V,Union Démocratique du Centre,UDC,,Genève,Genève,Organe législatif cantonal: depuis octobre 2009 jusqu'à octobre 2011; Organe législatif de la commune de Puplinge: depuis mars 2011 jusqu'à mars 2015,12/5/2011,11/29/2015,Lutry (VD),3/15/1979,
4091,Reynard Mathias,False,m,Valais,VS,Conseil national,Groupe socialiste,S,Parti socialiste suisse,PSS,célibataire,Sion,Valais,"Grand Conseil: depuis mars 2009 jusqu'à novembre 2011; Commission communale ""Jeunesse et Petite Enfance"" à Savièse: depuis janvier 2009 à novembre 2011",12/5/2011,11/29/2015,Savièse (VS),9/7/1987,
4093,Glättli Balthasar,False,m,Zurich,ZH,Conseil national,Groupe des Verts,G,Parti écologiste suisse,PES,marié(e),Zurich,Zurich,Gemeinderat (Legislative) der Stadt Zürich: von März 1998 bis November 2011,12/5/2011,11/29/2015,Zurich (ZH),2/12/1972,
4094,Hess Lorenz,False,m,Berne,BE,Conseil national,Groupe BD,BD,Parti bourgeois-démocratique suisse,PBD,marié(e),Berne,Berne,"Legislative des Kantons (Grossrat): von Juni 2002 bis November 2011; Gemeinderat Stettlen: Präsident, seit Sommer 2001",12/5/2011,11/29/2015,Berne (BE),6/28/1961,
4095,Rytz Regula,False,f,Berne,BE,Conseil national,Groupe des Verts,G,Parti écologiste suisse,PES,,Thoune,Berne,Legislative des Kantons (Grossrätin): von April 1994 bis April 2005; Exekutive der Stadt Bern (Gemeinderätin): von Januar 2005 bis Dezember 2012,12/5/2011,11/29/2015,Rüti b. Büren (BE),3/2/1962,
4096,Gmür Alois,False,m,Schwyz,SZ,Conseil national,Groupe PDC-PEV,CE,Parti démocrate-chrétien suisse,PDC,marié(e),Einsiedeln,Schwyz,Bezirksrat Einsiedeln: von 1986 bis 2000; Bezirksamman Einsiedeln: von 2000 bis 2004; Legislative des Kantons (Kantonsrat): von 2004 bis 2011,12/5/2011,11/29/2015,Amden (SG),4/3/1955,
4097,Müller Leo,False,m,Lucerne,LU,Conseil national,Groupe PDC-PEV,CE,Parti démocrate-chrétien suisse,PDC,marié(e),Ruswil,Lucerne,Legislative des Kantons (Kantonsrat): 21. April 1999 bis 31. Dezember 2011; Kantonsratspräsident: 2011; Exekutive der Gemeinde Ruswil (Gemeindepräsident): 1. September 2008 bis 31. August 2018,12/5/2011,11/29/2015,"Ruswil (LU),Schüpfheim (LU)",7/4/1958,
4098,Keller Peter,False,m,Nidwald,NW,Conseil national,Groupe de l'Union démocratique du Centre,V,Union Démocratique du Centre,UDC,,Lucerne,Lucerne,Legislative des Kantons: von 2006 bis 2011; Mitglied der regierungsrätlichen Berufsbildungskommission: seit 2006,12/5/2011,11/29/2015,Brütten (ZH),4/22/1971,
4100,Rösti Albert,False,m,Berne,BE,Conseil national,Groupe de l'Union démocratique du Centre,V,Union Démocratique du Centre,UDC,marié(e),Frutigen,Berne,Exekutive der Gemeinde (Gemeinderat) Uetendorf: 2008 - 2013; Gemeindepräsident Uetendorf: seit Jan. 2014,12/5/2011,11/29/2015,Frutigen (BE),8/7/1967,
4101,Bulliard-Marbach Christine,False,f,Fribourg,FR,Conseil national,Groupe PDC-PEV,CE,Parti démocrate-chrétien suisse,PDC,marié(e),Berne,Berne,Exekutive der Gemeinde (Gemeindepräsidentin 2006): seit März 1996,12/5/2011,11/29/2015,Farvagny (FR),10/13/1959,
4102,Bertschy Kathrin,False,f,Berne,BE,Conseil national,Groupe vert'libéral,GL,Parti vert'libéral,pvl,,Thoune,Berne,Legislative der Stadt Bern: von Januar 2009 bis Dezember 2011,12/5/2011,11/29/2015,"Guin (FR),Berne (BE)",7/2/1979,
4103,Hausammann Markus,False,m,Thurgovie,TG,Conseil national,Groupe de l'Union démocratique du Centre,V,Union Démocratique du Centre,UDC,marié(e),Münsterlingen,Thurgovie,Legislative des Kantons: von Dezember 1995 bis Juni 2006; Exekutive der Gemeinde Langrickenbach: von Juni 1987 bis Mai 2011,12/5/2011,11/29/2015,"Langrickenbach (TG),Altnau (TG)",9/20/1964,
4106,Naef Martin,False,m,Zurich,ZH,Conseil national,Groupe socialiste,S,Parti socialiste suisse,PSS,,Berne,Berne,Verfassungsrat des Kantons Zürich: von April 2000 bis Februar 2005; Kantonsrat des Kantons Zürich: von Mai 2003 bis Mai 2012,12/5/2011,11/29/2015,Zurich (ZH),11/10/1970,
4107,Amarelle Cesla,False,f,Vaud,VD,Conseil national,Groupe socialiste,S,Parti socialiste suisse,PSS,,Montevideo,,Organe législatif du Canton: depuis juillet 2007 jusqu'à novembre 2011; Organe législatif de la ville d'Yverdon-Les-Bains: depuis 2009 jusqu'à novembre 2011,12/5/2011,11/29/2015,"Winterthur (ZH),Yverdon-les-Bains (VD)",9/14/1973,
4108,Chevalley Isabelle,False,f,Vaud,VD,Conseil national,Groupe vert'libéral,GL,Parti vert'libéral,pvl,,Aubonne,Vaud,Organe législatif du Canton: depuis août 2008 jusqu'à novembre 2013,12/5/2011,11/29/2015,"Denezy (VD),Montanaire (VD)",4/13/1972,
4109,Piller Carrard Valérie,False,f,Fribourg,FR,Conseil national,Groupe socialiste,S,Parti socialiste suisse,PSS,marié(e),Billens,Fribourg,Organe législatif cantonal: depuis novembre 2001 jusqu'à novembre 2011,12/5/2011,11/29/2015,"Estavayer-le-Lac (Font) (FR),Dirlaret (FR)",9/9/1978,
4110,Egloff Hans,False,m,Zurich,ZH,Conseil national,Groupe de l'Union démocratique du Centre,V,Union Démocratique du Centre,UDC,,Zurich,Zurich,Legislative des Kantons: von Mai 1995 bis Mai 2011,12/5/2011,11/29/2015,"Schaffhouse (SH),Aesch (ZH),Niederrohrdorf (AG)",11/27/1959,
4113,Tornare Manuel,False,m,Genève,GE,Conseil national,Groupe socialiste,S,Parti socialiste suisse,PSS,célibataire,Genève,Genève,Conseiller municipal de la ville de Genève: depuis 1979 jusqu'à 1999; Conseiller administratif et maire de la ville de Genève: depuis 1999 jusqu'à mai 2011; Grand Conseil: depuis novembre 2009 jusqu'à janvier 2012,12/5/2011,11/29/2015,Genève (GE),4/20/1951,
4114,Knecht Hansjörg,False,m,Argovie,AG,Conseil national,Groupe de l'Union démocratique du Centre,V,Union Démocratique du Centre,UDC,marié(e),Leuggern,Argovie,Exekutive der Gemeinde (Gemeinderat) Leibstadt: von Januar 1990 bis Dezember 1997; Legislative des Kantons (Grossrat): von März 1996 bis Januar 2012,12/5/2011,11/29/2015,Leibstadt (AG),3/24/1960,
4115,Schwaab Jean Christophe,False,m,Vaud,VD,Conseil national,Groupe socialiste,S,Parti socialiste suisse,PSS,,Lausanne,Vaud,Exécutif communal (Municipalité) de la Commune de Bourg-en-Lavaux: dès juillet 2016; Législatif cantonal (Grand Conseil): depuis mars 2007 jusqu'à novembre 2011; Législatif de la Commune de Riex (Conseiller communal): depuis 1999 jusqu'à 2008; Législatif de la Commune de Bourg-en-Lavaux (Conseiller communal): de mars 2011 à juin 2016,12/5/2011,11/29/2015,"La Chaux-de-Fonds (NE),Lausanne (VD)",8/23/1979,
4116,Gössi Petra,False,f,Schwyz,SZ,Conseil national,Groupe libéral-radical,RL,PLR.Les Libéraux-Radicaux,PLR,,Lucerne,Lucerne,Legislative des Kantons: von Juni 2004 bis November 2011,12/5/2011,11/29/2015,Küssnacht am Rigi (SZ),1/12/1976,
4118,Lohr Christian,False,m,Thurgovie,TG,Conseil national,Groupe PDC-PEV,CE,Parti démocrate-chrétien suisse,PDC,célibataire,Kreuzlingen,Thurgovie,,12/5/2011,11/29/2015,Kreuzlingen (TG),4/5/1962,
4120,Romano Marco,False,m,Tessin,TI,Conseil national,Groupe PDC-PEV,CE,Parti démocrate-chrétien suisse,PDC,marié(e),Sorengo,Tessin,"Esecutivo della Città di Mendrisio, Municipio, capodicastero Economia e Aziende municipalizzate: a partire da aprile 2016; Legislativo della Città di Mendrisio, Consiglio comunale: da aprile 2004 ad aprile 2016",12/5/2011,11/29/2015,Mendrisio (TI),11/6/1982,
4121,Gysi Barbara,False,f,St-Gall,SG,Conseil national,Groupe socialiste,S,Parti socialiste suisse,PSS,célibataire,Zurich,Zurich,Stadtparlament Wil (SG): von Januar 1997 bis Dezember 2000; Kantonsrat: von September 1999 bis Mai 2000 und von Juni 2004 bis November 2011; Stadtrat (Exekutive) Wil (SG): von Januar 2001 bis Dezember 2012,12/12/2011,11/29/2015,"Buchs (AG),Wil (SG)",5/14/1964,
4123,Schneider Schüttel Ursula,False,f,Fribourg,FR,Conseil national,Groupe socialiste,S,Parti socialiste suisse,PSS,marié(e),Berne,Berne,Exekutive der Gemeinde Murten: seit April 2001; Legislative des Kantons: von Februar 2010 bis März 2012,5/29/2012,11/29/2015,"Frutigen (BE),Berne (BE)",11/26/1961,
4124,Schilliger Peter,False,m,Lucerne,LU,Conseil national,Groupe libéral-radical,RL,PLR.Les Libéraux-Radicaux,PLR,marié(e),Udligenswil,Lucerne,Sozialvorsteher Udligenswil: von Juli 1991 bis August 2000; Gemeindepräsident Udligenswil: von September 2000 bis Juni 2011; Kantonsrat: von April 2003 bis September 2012,9/10/2012,11/29/2015,"Weggis (LU),Udligenswil (LU)",6/1/1959,
4125,Rutz Gregor,True,m,Zurich,ZH,Conseil national,Groupe de l'Union démocratique du Centre,V,Union Démocratique du Centre,UDC,marié(e),Zurich,Zurich,Verfassungsrat Kanton Zürich: von Juni 2000 bis Februar 2005; Kantonsrat: von Mai 2011 bis November 2012,11/30/2015,,"Wildhaus (SG),Zollikon (ZH)",10/12/1972,
4128,Trede Aline,False,f,Berne,BE,Conseil national,Groupe des Verts,G,Parti écologiste suisse,PES,marié(e),Berne,Berne,Legislative der Stadt Bern: von Januar 2009 bis Dezember 2012,3/4/2013,11/29/2015,"Bâle (BS),Lucerne (LU)",8/26/1983,
4129,Herzog Verena,False,f,Thurgovie,TG,Conseil national,Groupe de l'Union démocratique du Centre,V,Union Démocratique du Centre,UDC,marié(e),Winterthur,Zurich,"Legislative des Kantons: von Februar 2007 bis Februar 2013; Legislative der Stadt Frauenfeld: von Januar 2009 bis Januar 2013; Geschäftsprüfungskommission (GFK) des Kantons: von Juni 2008 bis Dezember 2012; Mitglied Primarschulbehörde: von Juni 1997 bis Juli 2009; Mitglied Kommission Gesundheitsförderung, Prävention und Sucht des Regierungsrates Thurgau: seit Mai 2013",3/4/2013,11/29/2015,"Homburg (TG),Winterthur (ZH)",2/7/1956,
4130,Masshardt Nadine,False,f,Berne,BE,Conseil national,Groupe socialiste,S,Parti socialiste suisse,PSS,,Affoltern am Albis,Zurich,Legislative der Stadt Langenthal (Stadtrat): Januar 2005 bis August 2010; Legislative des Kantons Bern (Grossrätin): Juni 2006 bis Januar 2013,3/4/2013,11/29/2015,"Berne (BE),Mühlethurnen (BE)",10/4/1984,
4131,Friedl Claudia,False,f,St-Gall,SG,Conseil national,Groupe socialiste,S,Parti socialiste suisse,PSS,,St-Gall,St-Gall,Legislative der Stadt St. Gallen (Gemeinderätin): von 1993 bis 1996; Legislative des Kantons (Kantonsrätin): von Mai 1996 bis Februar 2013; Präsidentin: von Mai 2000 bis Mai 2001,3/4/2013,11/29/2015,St-Gall (SG),7/19/1960,
4134,Munz Martina,False,f,Schaffhouse,SH,Conseil national,Groupe socialiste,S,Parti socialiste suisse,PSS,marié(e),Zurich,Zurich,Kantonsrätin: seit Januar 2000,9/9/2013,11/29/2015,Sulgen (TG),12/26/1955,
4135,Clottu Raymond,False,m,Neuchâtel,NE,Conseil national,Groupe de l'Union démocratique du Centre,V,Union Démocratique du Centre,UDC,,Neuchâtel,Neuchâtel,Organe législatif du Canton de Neuchâtel: depuis décembre 2005 jusqu'à mai 2013,9/9/2013,11/29/2015,"La Sagne (NE),Les Ponts-de-Martel (NE)",12/18/1967,
4137,Golay Roger,False,m,Genève,GE,Conseil national,Non inscrit,-,Mouvement Citoyens Romand,MCR,marié(e),Genève,Genève,Législatif cantonal: depuis septembre 2005 jusqu'à novembre 2013; Conseiller municipal (Ville de Lancy): depuis 2007 jusqu'à 2016,12/2/2013,11/29/2015,Le Chenit (VD),9/23/1959,
4138,Barazzone Guillaume,False,m,Genève,GE,Conseil national,Groupe PDC-PEV,CE,Parti démocrate-chrétien suisse,PDC,,Genève,Genève,"Membre de l'Exécutif de la Ville de Genève (Conseiller administratif, responsable du département de l'environnement urbain et de la sécurité); ancien Maire de la Ville de Genève (2016-2017)",12/9/2013,11/29/2015,Avusy (GE),1/13/1982,
4140,Merlini Giovanni,False,m,Tessin,TI,Conseil national,Groupe libéral-radical,RL,PLR.Les Libéraux-Radicaux,PLR,,Locarno,Tessin,Consiglio comunale (Minusio): da aprile 1992 ad aprile 1996; Municipio (Minusio): da aprile 1996 ad aprile 2000; Gran Consiglio: da aprile 1995 ad aprile 2011,3/10/2014,11/29/2015,Minusio (TI),5/27/1962,
4141,Portmann Hans-Peter,False,m,Zurich,ZH,Conseil national,Groupe libéral-radical,RL,PLR.Les Libéraux-Radicaux,PLR,lié(e) par un partenariat enregistré,Bülach,Zurich,Kantonsrat: von Mai 1995 bis Mai 2014,5/7/2014,11/29/2015,"Zurich (ZH),Sempach (LU)",2/22/1963,
4142,Walti Beat,False,m,Zurich,ZH,Conseil national,Groupe libéral-radical,RL,PLR.Les Libéraux-Radicaux,PLR,marié(e),Bauma,Zurich,Kantonsrat Zürich: von Mai 1999 bis Dezember 2013; Fraktionspräsident: von Juli 2005 bis Mai 2008,6/2/2014,11/29/2015,"Dürrenäsch (AG),Zollikon (ZH)",11/22/1968,
4143,Ruiz Rebecca Ana,False,f,Vaud,VD,Conseil national,Groupe socialiste,S,Parti socialiste suisse,PSS,,Lausanne,Vaud,Législatif Ville de Lausanne: depuis juillet 2006 jusqu'à juin 2012; Législatif Canton de Vaud: depuis juillet 2012 jusqu'à mai 2014,6/2/2014,11/29/2015,"Lausanne (VD),Ardon (VS)",2/4/1982,
4144,Matter Thomas,False,m,Zurich,ZH,Conseil national,Groupe de l'Union démocratique du Centre,V,Union Démocratique du Centre,UDC,,Liestal,Bâle-Campagne,,6/2/2014,11/29/2015,"Muhen (AG),Sissach (BL)",3/23/1966,
4146,Siegenthaler Heinz,False,m,Berne,BE,Conseil national,Groupe BD,BD,Parti bourgeois-démocratique suisse,PBD,,Bienne,Berne,Gemeinderat Rüti bei Büren: von Januar 1996 bis Dezember 2000; Legislative Kanton: von Juni 1998 bis Oktober 2014; Präsident der Finanzkommission des Kantons Bern: von 2007 bis 2011,11/24/2014,11/29/2015,Eggiwil (BE),10/11/1955,
4149,Häsler Christine,False,f,Berne,BE,Conseil national,Groupe des Verts,G,Parti écologiste suisse,PES,,Unterseen,Berne,,6/8/2015,11/29/2015,"Wilderswil (BE),Lütschental (BE)",1/11/1963,
4154,Addor Jean-Luc,True,m,Valais,VS,Conseil national,Groupe de l'Union démocratique du Centre,V,Union Démocratique du Centre,UDC,marié(e),Lausanne,Vaud,Député au Grand Conseil: 2005-2015; Conseiller communal à Savièse: 2009-2015,11/30/2015,,"Ste-Croix (VD),Savièse (VS)",4/22/1964,
4155,Arnold Beat,True,m,Uri,UR,Conseil national,Groupe de l'Union démocratique du Centre,V,Union Démocratique du Centre,UDC,marié(e),Altdorf,Uri,Legislative des Kantons Uri: von September 2006 bis Juli 2010; Exekutive des Kantons Uri: von August 2010 bis Mai 2016,11/30/2015,,Unterschächen (UR),4/24/1978,
4156,Buffat Michaël,True,m,Vaud,VD,Conseil national,Groupe de l'Union démocratique du Centre,V,Union Démocratique du Centre,UDC,marié(e),Yverdon-les-Bains,Vaud,Conseiller général à Vuarrens: de 1998 à 2005; Conseiller communal à Crissier: de 2007 à 2012; Député au Grand Conseil vaudois: de 2007 à 2015,11/30/2015,,Vuarrens (VD),9/27/1979,
4157,Bühler Manfred,True,m,Berne,BE,Conseil national,Groupe de l'Union démocratique du Centre,V,Union Démocratique du Centre,UDC,,Bienne,Berne,Maire de la Municipalité de Cortébert (BE); Membre du Conseil du Jura bernois: jusqu'à décembre 2015; Député du canton de Berne: jusqu'à décembre 2015; Conseiller municipal de Cortébert: de 1998 à 2010,11/30/2015,,Aeschi b. Spiez (BE),4/10/1979,
4158,Burgherr Thomas,True,m,Argovie,AG,Conseil national,Groupe de l'Union démocratique du Centre,V,Union Démocratique du Centre,UDC,marié(e),Zofingen,Argovie,"Vizeammann in Wiliberg: von 1992 bis 2000; Grossrat Kt. Aargau: von 1997 bis 2015; Kommission Bildung, Kultur und Sport von 1997 bis 2005; Kommission Fachhochschule: von 1997 bis 2001; Kommissionspräsident GPK: von 2005 bis 2009; Kommissionsmitglied Volkswirtschaft und Abgaben: von 2009 bis 2015",11/30/2015,,Schmiedrued (AG),8/1/1962,
4159,Chiesa Marco,True,m,Tessin,TI,Conseil national,Groupe de l'Union démocratique du Centre,V,Union Démocratique du Centre,UDC,,Lugano,Tessin,Presidente della delegazione svizzera per i rapporti con il Parlamento italiano: dal 2018; Gran Consiglio: dal 2007 al 2015; Consiglio comunale di Lugano: dal 2004 al 2013; Consiglio comunale di Villa Luganese: dal 2001 al 2004,11/30/2015,,Lugano (TI),10/10/1974,
4160,Dettling Marcel,True,m,Schwyz,SZ,Conseil national,Groupe de l'Union démocratique du Centre,V,Union Démocratique du Centre,UDC,marié(e),Einsiedeln,Schwyz,,11/30/2015,,Oberiberg (SZ),2/1/1981,
4161,Glarner Andreas,True,m,Argovie,AG,Conseil national,Groupe de l'Union démocratique du Centre,V,Union Démocratique du Centre,UDC,séparé(e),Glaris,Glaris,Gemeindeammann Gemeinde Oberwil-Lieli: Präsident RFO / ZSO Mutschellen,11/30/2015,,Diesbach (GL),10/9/1962,
4162,Grüter Franz,True,m,Lucerne,LU,Conseil national,Groupe de l'Union démocratique du Centre,V,Union Démocratique du Centre,UDC,marié(e),Lucerne,Lucerne,Kantonsrat des Kantons Luzern: von Juni 2015 bis November 2015,11/30/2015,,Ruswil (LU),7/29/1963,
4163,Hess Erich,True,m,Berne,BE,Conseil national,Groupe de l'Union démocratique du Centre,V,Union Démocratique du Centre,UDC,célibataire,Dürrenroth,Berne,Legislative des Kantons Bern (Grosser Rat); Mitglied Geschäftsprüfungskommission Grosser Rat Kanton Bern; Mitglied Stadtrat Bern; Mitglied Aufsichtskommission Stadtrat Bern,11/30/2015,,Dürrenroth (BE),3/25/1981,
4164,Imark Christian,True,m,Soleure,SO,Conseil national,Groupe de l'Union démocratique du Centre,V,Union Démocratique du Centre,UDC,marié(e),Breitenbach,Soleure,Legislative des Kantons (Kantonsrat): von 2001 bis Oktober 2015; Kantonsratspräsident: 2012; Vizepräsident der SVP Fraktion: von 2005 bis 2011; Präsident SVP-Fraktion: von 2013 bis 2015; Ratsleitung (Büro): von 2010 bis Oktober 2015; Vorsitzender Ratsleitung (Büro): 2011,11/30/2015,,Himmelried (SO),1/29/1982,
4165,Keller-Inhelder Barbara,True,f,St-Gall,SG,Conseil national,Groupe de l'Union démocratique du Centre,V,Union Démocratique du Centre,UDC,marié(e),Männedorf,Zurich,Kantonsrat des Kantons St. Gallen: von Februar 2000 bis Oktober 2015,11/30/2015,,"Sennwald (SG),Baden (AG)",8/24/1968,
4166,Köppel Roger,True,m,Zurich,ZH,Conseil national,Groupe de l'Union démocratique du Centre,V,Union Démocratique du Centre,UDC,marié(e),Zurich,Zurich,,11/30/2015,,"Küsnacht (ZH),Widnau (SG)",3/21/1965,
4167,Martullo-Blocher Magdalena,True,f,Grisons,GR,Conseil national,Groupe de l'Union démocratique du Centre,V,Union Démocratique du Centre,UDC,marié(e),Männedorf,Zurich,,11/30/2015,,"Schattenhalb (BE),Meilen (ZH),Zurich (ZH)",8/13/1969,
4168,Nicolet Jacques,True,m,Vaud,VD,Conseil national,Groupe de l'Union démocratique du Centre,V,Union Démocratique du Centre,UDC,,Lignerolle,Vaud,Député au Grand Conseil vaudois: depuis septembre 2008 jusqu'à novembre 2015; Président du Parlement vaudois: depuis juillet 2014 jusqu'à juin 2015,11/30/2015,,Lignerolle (VD),10/24/1965,
4169,Page Pierre-André,True,m,Fribourg,FR,Conseil national,Groupe de l'Union démocratique du Centre,V,Union Démocratique du Centre,UDC,,Riaz,Fribourg,Exécutif communal (Conseiller communal): depuis 1991 jusqu'à 2006; Législatif cantonal (Grand Conseil): dès 1996,11/30/2015,,Châtonnaye (FR),4/19/1960,
4170,Ruppen Franz,True,m,Valais,VS,Conseil national,Groupe de l'Union démocratique du Centre,V,Union Démocratique du Centre,UDC,célibataire,Sierre,Valais,Gemeinderat Naters (Exekutive): bis Ende 2016; Gemeindepräsident Naters (Exekutive): ab 1. Januar 2017; Fraktionschef SVPO im Grossrat des Kantons Wallis: bis November 2015; Mitglied Fraktionsvorstand der SVP-Fraktion im eidg. Parlament,11/30/2015,,Naters (VS),2/24/1971,
4172,Salzmann Werner,True,m,Berne,BE,Conseil national,Groupe de l'Union démocratique du Centre,V,Union Démocratique du Centre,UDC,marié(e),Gurtendorf bei Wabern,Berne,,11/30/2015,,Eggiwil (BE),11/5/1962,
4173,Sollberger Sandra,True,f,Bâle-Campagne,BL,Conseil national,Groupe de l'Union démocratique du Centre,V,Union Démocratique du Centre,UDC,marié(e),Zofingen,Argovie,Exekutive Gemeinde Bubendorf: Gemeinderätin von Juli 2008 bis Juni 2016; Legislative Kanton Baselland: Landrätin von Juli 2011 bis November 2015,11/30/2015,,"Bubendorf (BL),Rothenburg (LU)",10/27/1973,
4174,Steinemann Barbara,True,f,Zurich,ZH,Conseil national,Groupe de l'Union démocratique du Centre,V,Union Démocratique du Centre,UDC,,Dielsdorf,Zurich,,11/30/2015,,Rümlang (ZH),6/18/1976,
4175,Tuena Mauro,True,m,Zurich,ZH,Conseil national,Groupe de l'Union démocratique du Centre,V,Union Démocratique du Centre,UDC,,Zurich,Zurich,Legislative der Stadt Zürich (Gemeinderat): von April 1998 bis November 2015; Legislative des Kantons Zürich (Kantonsrat): von April 2015 bis November 2015,11/30/2015,,"Poschiavo (GR),Zurich (ZH)",1/25/1972,
4176,Vogt Hans-Ueli,True,m,Zurich,ZH,Conseil national,Groupe de l'Union démocratique du Centre,V,Union Démocratique du Centre,UDC,,Winterthur,Zurich,Kantonsrat des Kantons Zürich: von April 2011 bis November 2015,11/30/2015,,Wangen (SZ),12/5/1969,
4177,Walliser Bruno,True,m,Zurich,ZH,Conseil national,Groupe de l'Union démocratique du Centre,V,Union Démocratique du Centre,UDC,,Volketswil,Zurich,"Gemeindepräsident & Finanzvorstand der Gemeinde Volketswil: 2002-2017; Mitglied des Gemeindepräsidentenverbandes des Bezirks Uster 2002-2017; Kantonsrat des Standes Zürich: 1999 bis 2016; M Kommission für Justiz und öffentliche Sicherheit: 1999 bis 2003; P der Kommission für Staat und Gemeinden 2003 bis 2007; VP Aufsichtskommission über die wirtschaftlichen Unternehmen (ZKB, EKZ, GVZ): 2007 bis 2010; Spezialkommission NFA: 2007; M der GL: 2008 bis 2014; VP der Parl. Untersuchungskomm. BVK (PUK BVK): 2010 bis 2012; Kantonsratspräsident: 2013 bis 2014; M der Finanzkommission: 2014 bis 2015",11/30/2015,,"Mosnang (SG),Volketswil (ZH)",4/11/1966,
4178,Zanetti Claudio,True,m,Zurich,ZH,Conseil national,Groupe de l'Union démocratique du Centre,V,Union Démocratique du Centre,UDC,,Bülach,Zurich,,11/30/2015,,"Poschiavo (GR),Lucerne (LU)",6/16/1967,
4179,Zuberbühler David,True,m,Appenzell Rh.-Ext.,AR,Conseil national,Groupe de l'Union démocratique du Centre,V,Union Démocratique du Centre,UDC,marié(e),Herisau,Appenzell Rh.-Ext.,Einwohnerrat (Legislative) der Gemeinde Herisau: von 1999 bis 2011; Kantonsrat (Legislative) des Kantons Appenzell Ausserrhoden: von 2011 bis 2016,11/30/2015,,Urnäsch (AR),2/20/1979,
4180,Ammann Thomas,True,m,St-Gall,SG,Conseil national,Groupe PDC,C,Parti démocrate-chrétien suisse,PDC,marié(e),Altstätten,St-Gall,Exekutive (Gemeindepräsident) Rüthi (SG): 1997 -2016,11/30/2015,,"Kirchberg (SG),Oberriet (SG)",7/13/1964,
4181,Gmür-Schönenberger Andrea,True,f,Lucerne,LU,Conseil national,Groupe PDC,C,Parti démocrate-chrétien suisse,PDC,marié(e),Wattwil,St-Gall,Legislative des Kantons Luzern: von 2007 bis 2015,11/30/2015,,"Lucerne (LU),Amden (SG),Kirchberg (SG)",7/17/1964,
4182,Béglé Claude,True,m,Vaud,VD,Conseil national,Groupe PDC,C,Parti démocrate-chrétien suisse,PDC,marié(e),Berne,Berne,,11/30/2015,,"Liestal (BL),Lausanne (VD)",12/4/1949,
4183,Marchand-Balet Géraldine,True,f,Valais,VS,Conseil national,Groupe PDC,C,Parti démocrate-chrétien suisse,PDC,,Sion,Valais,Présidente de Grimisuat: dès 2009; vice-présidente de Grimisuat: depuis 2005 jusqu'à 2008; conseillère communale de Grimisuat: depuis 2001 jusqu'à 2004; députée au Grand Conseil: depuis 2013 jusqu'à 2015,11/30/2015,,Grimisuat (VS),1/18/1971,
4184,Arslan Sibel,True,f,Bâle-Ville,BS,Conseil national,Groupe des Verts,G,Basels starke Alternative,BastA,,Erzincan,,"Grossrätin Kanton Basel-Stadt: seit Februar 2005; Mitglied der Justiz-, Sicherheits- und Sportkommission (JSSK), Kanton Basel-Stadt: seit 2007; Mitglied der Begnadigungskommission, Kanton Basel-Stadt: seit 2013",11/30/2015,,Bâle (BS),6/23/1980,
4185,Fricker Jonas,False,m,Argovie,AG,Conseil national,Groupe des Verts,G,Parti écologiste suisse,PES,,Schönenwerd,Soleure,"2002 - 2006: Mitglied des Parlaments der Stadt Baden (Einwohnerrat), Mitglied der Natur- und Umweltkomm. (Partei: team baden); 2007 - 2010: Mitglied des Parlaments des Kantons Aargau (Grosser Rat), Mitglied der Komm. für Aufgaben- und Finanzplanung, Mitglied der Komm. für Gesundheit und Sozialwesen, Mitglied der Arbeitsgruppe WOV (Wirkungsorientierte Verwaltungsführung) (Partei: Grüne); 2010 - 2011: Mitglied des Parlaments der Stadt Baden (Einwohnerrat), Mitglied der Strategiekomm. (Partei: team baden); 2014 - 2015: Mitglied des Parlaments der Stadt Baden (Einwohnerrat) (Partei: team baden).",11/30/2015,11/26/2017,"Baden (AG),Rupperswil (AG)",3/30/1977,
4186,Mazzone Lisa,True,f,Genève,GE,Conseil national,Groupe des Verts,G,Parti écologiste suisse,PES,,Genève,Genève,"Conseillère municipale (délibératif), Ville du Grand-Saconnex: depuis juin 2011 jusqu'à juillet 2013; Députée au Grand Conseil (législatif), Canton de Genève: depuis novembre 2013 jusqu'à novembre 2015",11/30/2015,,Versoix (GE),1/25/1988,
4187,Bauer Philippe,True,m,Neuchâtel,NE,Conseil national,Groupe libéral-radical,RL,PLR.Les Libéraux-Radicaux,PLR,marié(e),Neuchâtel,Neuchâtel,Député au Grand Conseil neuchâtelois: jusqu'à octobre 2015,11/30/2015,,Neuchâtel (NE),4/9/1962,
4188,Borloz Frédéric,True,m,Vaud,VD,Conseil national,Groupe libéral-radical,RL,PLR.Les Libéraux-Radicaux,PLR,marié(e),Aigle,Vaud,Député au Grand Conseil vaudois: depuis 2002 jusqu'à 2015; Municipal de la commune d'Aigle: depuis 1998 jusqu'à 2006,11/30/2015,,Ormont-Dessous (VD),4/22/1966,
4189,Burkart Thierry,True,m,Argovie,AG,Conseil national,Groupe libéral-radical,RL,PLR.Les Libéraux-Radicaux,PLR,,Baden,Argovie,Grossrat des Kantons Aargau: von 2001 bis 2015; Grossratspräsident: 2014,11/30/2015,,"Baden (AG),Mühlau (AG)",8/21/1975,
4190,Dobler Marcel,True,m,St-Gall,SG,Conseil national,Groupe libéral-radical,RL,PLR.Les Libéraux-Radicaux,PLR,marié(e),Männedorf,Zurich,,11/30/2015,,Appenzell (AI),8/29/1980,
4191,Genecand Benoît,True,m,Genève,GE,Conseil national,Groupe libéral-radical,RL,PLR.Les Libéraux-Radicaux,PLR,marié(e),Genève,Genève,Assemblée Constituante genevoise: député depuis 2008 jusqu'en 2012; Grand Conseil genevois: député depuis 2013 jusqu'en 2015,11/30/2015,,Plan-les-Ouates (GE),1/28/1964,
4192,Hess Hermann,False,m,Thurgovie,TG,Conseil national,Groupe libéral-radical,RL,PLR.Les Libéraux-Radicaux,PLR,,Frauenfeld,Thurgovie,Mitglied des Grossen Rates (Legislative) des Kantons Thurgau:  2012-2015,11/30/2015,11/26/2017,Amriswil (TG),12/22/1951,
4193,Nantermod Philippe,True,m,Valais,VS,Conseil national,Groupe libéral-radical,RL,PLR.Les Libéraux-Radicaux,PLR,marié(e),Lausanne,Vaud,,11/30/2015,,Troistorrents (VS),3/27/1984,
4194,Wehrli Laurent,True,m,Vaud,VD,Conseil national,Groupe libéral-radical,RL,PLR.Les Libéraux-Radicaux,PLR,marié(e),Montreux,Vaud,"Député au Grand conseil vaudois: depuis juillet 2002 jusqu'à novembre 2015, président durant la législature 2013-2014; Conseiller municipal de la Commune de Montreux: depuis juillet 2001 jusqu'à juin 2011; Syndic de la Commune de Montreux: dès juillet 2011",11/30/2015,,Montreux (VD),6/4/1965,
4195,Fehlmann Rielle Laurence,True,f,Genève,GE,Conseil national,Groupe socialiste,S,Parti socialiste suisse,PSS,marié(e),Chêne-Bougeries,Genève,Députée au Grand Conseil genevois: 1997-2009; Conseillère municipale de la Ville de Genève: jusqu'à novembre 2015,11/30/2015,,Genève (GE),9/11/1955,
4196,Guldimann Tim,False,m,Zurich,ZH,Conseil national,Groupe socialiste,S,Parti socialiste suisse,PSS,,Zurich,Zurich,,11/30/2015,3/14/2018,Lostorf (SO),9/19/1950,
4197,Marti Min Li,True,f,Zurich,ZH,Conseil national,Groupe socialiste,S,Parti socialiste suisse,PSS,,Berne,Berne,"Gemeinderätin, Fraktionspräsidentin Stadt Zürich: bis November 2015",11/30/2015,,Zurich (ZH),6/1/1974,
4198,Meyer Mattea,True,f,Zurich,ZH,Conseil national,Groupe socialiste,S,Parti socialiste suisse,PSS,célibataire,Bâle,Bâle-Ville,Legislative der Gemeinde Winterthur (Grosser Gemeinderat): von Mai 2010 bis Mai 2011; Legislative des Kantons (Kantonsrat): von Mai 2011 bis November 2015,11/30/2015,,"Villmergen (AG),Opfikon (ZH)",11/9/1987,
4199,Seiler Graf Priska,True,f,Zurich,ZH,Conseil national,Groupe socialiste,S,Parti socialiste suisse,PSS,marié(e),Zurich,Zurich,Stadträtin Kloten (Exekutive),11/30/2015,,"Kloten (ZH),Rafz (ZH)",8/29/1968,
4200,Campell Duri,True,m,Grisons,GR,Conseil national,Groupe BD,BD,Parti bourgeois-démocratique suisse,PBD,marié(e),Cinuos-chel,Grisons,Legislative Kanton Graubünden (Grossrat): von 2006 bis 2015,11/30/2015,,S-chanf (GR),4/5/1963,
4201,de la Reussille Denis,True,m,Neuchâtel,NE,Conseil national,Groupe des Verts,G,Parti Suisse du travail,PdT,,La Chaux-de-Fonds,Neuchâtel,Conseiller communal depuis 1996; Député au Grand Conseil neuchâtelois: depuis 1999 jusqu'à novembre 2015,11/30/2015,,Tramelan (BE),10/24/1960,
4202,Sauter Regine,True,f,Zurich,ZH,Conseil national,Groupe libéral-radical,RL,PLR.Les Libéraux-Radicaux,PLR,,Schaffhouse,Schaffhouse,Kantonsrat des Kantons Zürich: von Oktober 2004 bis November 2015; Wahlbüro Gemeinde Flurlingen: von 1991 bis 1998,11/30/2015,,"Arbon (TG),Küsnacht (ZH)",4/16/1966,
4203,Barrile Angelo,True,m,Zurich,ZH,Conseil national,Groupe socialiste,S,Parti socialiste suisse,PSS,lié(e) par un partenariat enregistré,Winterthur,Zurich,Legislative des Kantons Zürich: von August 2010 bis November 2015,12/8/2015,,Pfungen (ZH),8/22/1976,
4208,Jauslin Matthias Samuel,True,m,Argovie,AG,Conseil national,Groupe libéral-radical,RL,PLR.Les Libéraux-Radicaux,PLR,marié(e),Winterthur,Zurich,Einwohnerrat Wohlen: von 1998 bis 2006; Präsident GPK Wohlen: von 1998 bis 2001; Gemeinderat Wohlen: von 2007 bis 2013; Vizeammann Wohlen: von 2010 bis 2013; Präsident der Strategiekommission Wohlen: von 2007 bis 2013; Mitglied Grosser Rat Kanton Aargau: von 2009 bis 2015; Mitglied Kommission AVW (Allgemeine Verwaltung): von 2009 bis 2015 (Präsident: von 2013 bis 2015),11/30/2015,,Muttenz (BL),4/20/1962,
4209,Bigler Hans-Ulrich,True,m,Zurich,ZH,Conseil national,Groupe libéral-radical,RL,PLR.Les Libéraux-Radicaux,PLR,marié(e),Berne,Berne,,12/8/2015,,Worb (BE),4/5/1958,
4212,Egger Thomas,True,m,Valais,VS,Conseil national,Groupe PDC,C,Christlichsoziale Volkspartei Oberwallis,CSPO,célibataire,Viège,Valais,,6/15/2017,,Goldach (SG),8/15/1967,
4213,Bendahan Samuel,True,m,Vaud,VD,Conseil national,Groupe socialiste,S,Parti socialiste suisse,PSS,,Lausanne,Vaud,Conseil communal (législatif) de Lausanne: de juillet 2011 à juin 2012; Grand Conseil (législatif) du canton de Vaud: de juillet 2012 à juin 2017,6/15/2017,,Seengen (AG),6/11/1980,
4214,Gugger Niklaus-Samuel,True,m,Zurich,ZH,Conseil national,Groupe PDC,C,Parti évangélique suisse,PEV,,Udupi,,Legislative der Gemeinde: Gemeinderat Winterthur 2002 bis 2014; Legislative des Kantons: Kantonsrat Zürich 2014 bis 2017,11/27/2017,,Buchholterberg (BE),5/1/1970,
4215,Brunner Hansjörg,True,m,Thurgovie,TG,Conseil national,Groupe libéral-radical,RL,PLR.Les Libéraux-Radicaux,PLR,marié(e),Wattwil,St-Gall,Mitglied des Grossen Rates (Legislative) des Kantons Thurgau: von Mai 2012 bis Oktober 2017,11/27/2017,,Hemberg (SG),11/23/1966,
4216,Gutjahr Diana,True,f,Thurgovie,TG,Conseil national,Groupe de l'Union démocratique du Centre,V,Union Démocratique du Centre,UDC,,Münsterlingen,Thurgovie,Kantonsrätin: von April 2012 bis Oktober 2017,11/27/2017,,Thunstetten (BE),1/13/1984,
4217,Cattaneo Rocco,True,m,Tessin,TI,Conseil national,Groupe libéral-radical,RL,PLR.Les Libéraux-Radicaux,PLR,marié(e),Lugano,Tessin,Legislativo del Comune di Bironico: da aprile 1984 ad aprile 2000,11/27/2017,,Monteceneri (TI),12/6/1958,
4218,Kälin Irène,True,f,Argovie,AG,Conseil national,Groupe des Verts,G,Parti écologiste suisse,PES,célibataire,Lenzburg,Argovie,Grossrätin Kanton Aargau: von Januar 2010 bis November 2017; Fraktionspräsidentin der Grünen Fraktion im Grossen Rat: von April 2014 bis November 2017,11/27/2017,,Einsiedeln (SZ),2/6/1987,
4219,Crottaz Brigitte,True,f,Vaud,VD,Conseil national,Groupe socialiste,S,Parti socialiste suisse,PSS,,Lausanne,Vaud,"Conseillère communale, Epalinges: depuis 2005; députée au Grand Conseil Vaudois: depuis 2012 jusqu'à 2017",2/26/2018,,St-Barthélemy (VD),10/6/1957,
4220,Roduit Benjamin,True,m,Valais,VS,Conseil national,Groupe PDC,C,Parti démocrate-chrétien suisse,PDC,marié(e),Saillon,Valais,Vice-président commune de Saillon: de janvier 1993 à décembre 1996; Président commune de Saillon: de janvier 1997 à septembre 2003,2/26/2018,,Saillon (VS),11/22/1962,
4221,Töngi Michael,True,m,Lucerne,LU,Conseil national,Groupe des Verts,G,Parti écologiste suisse,PES,,Sursee,Lucerne,Einwohnerrat Kriens: 1990 bis 2001; Kantonsrat Luzern: 2007 bis 2018,3/12/2018,,"Kriens (LU),Engelberg (OW)",3/16/1967,
4222,Paganini Nicolo,True,m,St-Gall,SG,Conseil national,Groupe PDC,C,Parti démocrate-chrétien suisse,PDC,marié(e),Herisau,Appenzell Rh.-Ext.,Legislative des Kantons Thurgau (Grosser Rat): von Mai 1992 bis Juli 2002; Ortsvorsteher (Gemeindepräsident) von Zihlschlacht (TG): von Mai 1994 bis Dezember 1996,3/12/2018,,Bischofszell (TG),6/8/1966,
4223,Molina Fabian,True,m,Zurich,ZH,Conseil national,Groupe socialiste,S,Parti socialiste suisse,PSS,célibataire,Uster,Zurich,Legislative Stadt Illnau-Effretikon: von November 2010 bis März 2016; Legislative Kanton Zürich: von August 2017 bis Mai 2018,3/15/2018,,"St. Gall (SG),Neunkirch (SH)",7/8/1990,
4224,Wasserfallen Flavia,True,f,Berne,BE,Conseil national,Groupe socialiste,S,Parti socialiste suisse,PSS,marié(e),Berne,Berne,Legislative des Kantons Bern: von 2002 bis September 2012,5/29/2018,,"Langnau im Emmental (BE),Ferenbalm (BE)",2/7/1979,
4225,Kutter Philipp,True,m,Zurich,ZH,Conseil national,Groupe PDC,C,Parti démocrate-chrétien suisse,PDC,marié(e),Altstätten,St-Gall,Gemeinderat Wädenswil: 2002-2006; Stadtrat Wädenswil: 2006-2010; Kantonsrat Zürich: 2007-2018; Stadtpräsident Wädenswil: seit 2010; Vorsitz Gemeindepräsidentenkonferenz Bezirk Horgen: seit 2014,6/11/2018,,"Homburg (TG),Wädenswil (ZH)",8/31/1975,
4226,Wüthrich Adrian,True,m,Berne,BE,Conseil national,Groupe socialiste,S,Parti socialiste suisse,PSS,marié(e),Langenthal,Berne,Gemeinderat Huttwil (Exekutive): von Januar 2009 bis Dezember 2016; Grosser Rat des Kantons Bern (Legislative): von Juni 2010 bis Juni 2018,5/29/2018,,Trub (BE),5/7/1980,
4227,Frei Daniel,True,m,Zurich,ZH,Conseil national,Groupe socialiste,S,Parti socialiste suisse,PSS,,Zurich,Zurich,Kantonsrat des Kantons Zürich: von Juli 2014 bis Dezember 2018; Gemeinderat der Gemeinde Niederhasli: von Juni 2010 bis Juni 2018; Schulpfleger der Sekundarschulgemeinde Niederhasli-Niederglatt-Hofstetten: von August 2006 bis Juli 2010;  Schulpfleger der Primarschulgemeinde Niederglatt: von August 2002 bis Juli 2006,12/10/2018,,Zurich (ZH),2/5/1979,
4228,Marti Samira,True,f,Bâle-Campagne,BL,Conseil national,Groupe socialiste,S,Parti socialiste suisse,PSS,,Liestal,Bâle-Campagne,,12/10/2018,,Wagenhausen (TG),1/23/1994,
4229,Egger Mike,True,m,St-Gall,SG,Conseil national,Groupe de l'Union démocratique du Centre,V,Union Démocratique du Centre,UDC,célibataire,Rorschach,St-Gall,Legislative Kanton St. Gallen: von März 2012 bis Februar 2019,3/4/2019,,Berneck (SG),8/2/1992,
4230,Bregy Philipp Matthias,True,m,Valais,VS,Conseil national,Groupe PDC,C,Christlichdemokratische Volkspartei Oberwallis,CVPO,marié(e),Viège,Valais,Gemeinderat Naters: seit Januar 2013; Grossrat des Kantons Wallis: von März 2009 bis Dezember 2018; Grossratssuppleant des Kantons Wallis: von März 2004 bis März 2005,3/4/2019,,"Tourtemagne (VS),Naters (VS)",7/7/1978,
4232,Rochat Fernandez Nicolas,True,m,Vaud,VD,Conseil national,Groupe socialiste,S,Parti socialiste suisse,PSS,,Lausanne,Vaud,Député au Grand Conseil vaudois et 2e vice-président du Bureau du Grand Conseil vaudois: jusqu'à juillet 2019,5/7/2019,,Le Lieu (VD),12/9/1982,
4234,Schläpfer Therese,True,f,Zurich,ZH,Conseil national,Groupe de l'Union démocratique du Centre,V,Union Démocratique du Centre,UDC,marié(e),Hagenbuch,Zurich,Gemeindepräsidentin Hagenbuch; Vorstand Gemeindepräsidenten Bezirk Winterthur; Paritätische Kommission KESB Bezirk Winterthur; Vorstand Sozialkonferenz Kanton Zürich,6/3/2019,,Wald (AR),4/14/1959,
4236,Haab Martin,True,m,Zurich,ZH,Conseil national,Groupe de l'Union démocratique du Centre,V,Union Démocratique du Centre,UDC,,Mettmenstetten,Zurich,Kantonsrat Zürich,6/3/2019,,"Meilen (ZH),Mettmenstetten (ZH)",5/3/1962,
